<?xml version="1.0" encoding="UTF-8"?>
<project-private xmlns="http://www.netbeans.org/ns/project-private/1">
    <editor-bookmarks xmlns="http://www.netbeans.org/ns/editor-bookmarks/2" lastBookmarkId="0"/>
    <open-files xmlns="http://www.netbeans.org/ns/projectui-open-files/2">
        <group>
            <file>file:/C:/Users/42208149/OneDrive%20-%20Instituto%20Presbiteriano%20Mackenzie/Matérias/3º%20sem/Estrutura%20de%20Dados/Projeto%20N1/Carrinho/src/carrinho/Produto.java</file>
            <file>file:/C:/Users/42208149/OneDrive%20-%20Instituto%20Presbiteriano%20Mackenzie/Matérias/3º%20sem/Estrutura%20de%20Dados/Projeto%20N1/Carrinho/src/carrinho/ItemCompra.java</file>
            <file>file:/C:/Users/42208149/OneDrive%20-%20Instituto%20Presbiteriano%20Mackenzie/Matérias/3º%20sem/Estrutura%20de%20Dados/Projeto%20N1/Carrinho/src/carrinho/ProjCarrinho.java</file>
            <file>file:/C:/Users/42208149/OneDrive%20-%20Instituto%20Presbiteriano%20Mackenzie/Matérias/3º%20sem/Estrutura%20de%20Dados/Projeto%20N1/Carrinho/src/carrinho/Carrinho.java</file>
        </group>
    </open-files>
</project-private>
